dataset,seed,mode,top_k,task_type,candidate_count_before,candidate_count_after,candidate_space_reduction,allowed_pipelines,unique_evaluations,cache_hits,total_evaluation_requests,cache_hit_rate,best_pipeline,best_val_fitness,test_metric_name,test_metric_value,runtime_seconds,baseline_best_pipeline,baseline_best_in_genesis_top_k,paired_test_metric_diff_vs_baseline,paired_runtime_diff_vs_baseline,paired_unique_eval_diff_vs_baseline
01_numerical_classification.csv,42,baseline,10,classification,5,5,0.0,classification_logistic_regression|classification_random_forest|classification_hist_gradient_boosting|classification_svc|classification_k_neighbors,49,151,200,0.755,classification_k_neighbors,0.7333,f1,0.7333,5.38,classification_k_neighbors,True,0.0,0.0,0
01_numerical_classification.csv,123,baseline,10,classification,5,5,0.0,classification_logistic_regression|classification_random_forest|classification_hist_gradient_boosting|classification_svc|classification_k_neighbors,67,133,200,0.665,classification_svc,0.5,f1,0.2,11.99,classification_svc,True,0.0,0.0,0
01_numerical_classification.csv,456,baseline,10,classification,5,5,0.0,classification_logistic_regression|classification_random_forest|classification_hist_gradient_boosting|classification_svc|classification_k_neighbors,76,124,200,0.62,classification_random_forest,0.7333,f1,0.7333,13.62,classification_random_forest,True,0.0,0.0,0
01_numerical_classification.csv,789,baseline,10,classification,5,5,0.0,classification_logistic_regression|classification_random_forest|classification_hist_gradient_boosting|classification_svc|classification_k_neighbors,48,152,200,0.76,classification_k_neighbors,0.7333,f1,0.0,6.27,classification_k_neighbors,True,0.0,0.0,0
01_numerical_classification.csv,2024,baseline,10,classification,5,5,0.0,classification_logistic_regression|classification_random_forest|classification_hist_gradient_boosting|classification_svc|classification_k_neighbors,40,160,200,0.8,classification_k_neighbors,0.7333,f1,0.3333,2.49,classification_k_neighbors,True,0.0,0.0,0
01_numerical_classification.csv,42,genesis,2,classification,5,2,0.6,classification_logistic_regression|classification_svc,28,172,200,0.86,classification_svc,0.3333,f1,0.7333,0.39,classification_k_neighbors,False,0.0,-4.99,-21
01_numerical_classification.csv,123,genesis,2,classification,5,2,0.6,classification_logistic_regression|classification_svc,25,175,200,0.875,classification_svc,0.5,f1,0.2,0.37,classification_svc,True,0.0,-11.62,-42
01_numerical_classification.csv,456,genesis,2,classification,5,2,0.6,classification_logistic_regression|classification_svc,30,170,200,0.85,classification_logistic_regression,0.2,f1,0.7333,0.34,classification_random_forest,False,0.0,-13.28,-46
01_numerical_classification.csv,789,genesis,2,classification,5,2,0.6,classification_logistic_regression|classification_svc,29,171,200,0.855,classification_logistic_regression,0.5,f1,0.5,0.34,classification_k_neighbors,False,0.5,-5.93,-19
01_numerical_classification.csv,2024,genesis,2,classification,5,2,0.6,classification_logistic_regression|classification_svc,25,175,200,0.875,classification_logistic_regression,0.7333,f1,0.7333,0.31,classification_k_neighbors,False,0.4,-2.18,-15
01_numerical_classification.csv,42,genesis,2,classification,5,3,0.4,classification_logistic_regression|classification_hist_gradient_boosting|classification_svc,67,133,200,0.665,classification_hist_gradient_boosting,0.3333,f1,0.3333,3.84,classification_k_neighbors,False,-0.4,-1.54,18
01_numerical_classification.csv,123,genesis,2,classification,5,3,0.4,classification_logistic_regression|classification_hist_gradient_boosting|classification_svc,37,163,200,0.815,classification_logistic_regression,0.5,f1,0.2,1.42,classification_svc,True,0.0,-10.57,-30
01_numerical_classification.csv,456,genesis,2,classification,5,3,0.4,classification_logistic_regression|classification_hist_gradient_boosting|classification_svc,101,99,200,0.495,classification_hist_gradient_boosting,0.3333,f1,0.3333,6.66,classification_random_forest,False,-0.4,-6.96,25
01_numerical_classification.csv,789,genesis,2,classification,5,3,0.4,classification_logistic_regression|classification_hist_gradient_boosting|classification_svc,48,152,200,0.76,classification_logistic_regression,0.5,f1,0.5,1.89,classification_k_neighbors,False,0.5,-4.38,0
01_numerical_classification.csv,2024,genesis,2,classification,5,3,0.4,classification_logistic_regression|classification_hist_gradient_boosting|classification_svc,36,164,200,0.82,classification_svc,0.7333,f1,0.5,1.15,classification_k_neighbors,False,0.1667,-1.34,-4
01_numerical_classification.csv,42,genesis,2,classification,5,4,0.2,classification_logistic_regression|classification_random_forest|classification_hist_gradient_boosting|classification_svc,59,141,200,0.705,classification_hist_gradient_boosting,0.3333,f1,0.3333,6.97,classification_k_neighbors,False,-0.4,1.59,10
01_numerical_classification.csv,123,genesis,2,classification,5,4,0.2,classification_logistic_regression|classification_random_forest|classification_hist_gradient_boosting|classification_svc,53,147,200,0.735,classification_random_forest,0.5,f1,0.5,6.86,classification_svc,True,0.3,-5.13,-14
01_numerical_classification.csv,456,genesis,2,classification,5,4,0.2,classification_logistic_regression|classification_random_forest|classification_hist_gradient_boosting|classification_svc,93,107,200,0.535,classification_random_forest,0.7333,f1,0.7333,20.64,classification_random_forest,True,0.0,7.02,17
01_numerical_classification.csv,789,genesis,2,classification,5,4,0.2,classification_logistic_regression|classification_random_forest|classification_hist_gradient_boosting|classification_svc,85,115,200,0.575,classification_random_forest,0.5,f1,0.7333,15.73,classification_k_neighbors,False,0.7333,9.46,37
01_numerical_classification.csv,2024,genesis,2,classification,5,4,0.2,classification_logistic_regression|classification_random_forest|classification_hist_gradient_boosting|classification_svc,46,154,200,0.77,classification_logistic_regression,0.7333,f1,0.7333,4.56,classification_k_neighbors,False,0.4,2.07,6
01_numerical_classification.csv,42,genesis,2,classification,5,5,0.0,classification_logistic_regression|classification_random_forest|classification_hist_gradient_boosting|classification_svc|classification_k_neighbors,49,151,200,0.755,classification_k_neighbors,0.7333,f1,0.7333,3.22,classification_k_neighbors,True,0.0,-2.16,0
01_numerical_classification.csv,123,genesis,2,classification,5,5,0.0,classification_logistic_regression|classification_random_forest|classification_hist_gradient_boosting|classification_svc|classification_k_neighbors,67,133,200,0.665,classification_svc,0.5,f1,0.2,10.27,classification_svc,True,0.0,-1.72,0
01_numerical_classification.csv,456,genesis,2,classification,5,5,0.0,classification_logistic_regression|classification_random_forest|classification_hist_gradient_boosting|classification_svc|classification_k_neighbors,76,124,200,0.62,classification_random_forest,0.7333,f1,0.7333,13.33,classification_random_forest,True,0.0,-0.29,0
01_numerical_classification.csv,789,genesis,2,classification,5,5,0.0,classification_logistic_regression|classification_random_forest|classification_hist_gradient_boosting|classification_svc|classification_k_neighbors,48,152,200,0.76,classification_k_neighbors,0.7333,f1,0.0,6.31,classification_k_neighbors,True,0.0,0.04,0
01_numerical_classification.csv,2024,genesis,2,classification,5,5,0.0,classification_logistic_regression|classification_random_forest|classification_hist_gradient_boosting|classification_svc|classification_k_neighbors,40,160,200,0.8,classification_k_neighbors,0.7333,f1,0.3333,2.47,classification_k_neighbors,True,0.0,-0.02,0
02_categorical_heavy.csv,42,baseline,10,classification,4,4,0.0,classification_random_forest|classification_hist_gradient_boosting|classification_svc|classification_k_neighbors,42,158,200,0.79,classification_svc,1.0,f1,1.0,3.99,classification_svc,True,0.0,0.0,0
02_categorical_heavy.csv,123,baseline,10,classification,4,4,0.0,classification_random_forest|classification_hist_gradient_boosting|classification_svc|classification_k_neighbors,46,154,200,0.77,classification_svc,0.4,f1,0.6667,6.5,classification_svc,True,0.0,0.0,0
02_categorical_heavy.csv,456,baseline,10,classification,4,4,0.0,classification_random_forest|classification_hist_gradient_boosting|classification_svc|classification_k_neighbors,42,158,200,0.79,classification_svc,1.0,f1,1.0,3.77,classification_svc,True,0.0,0.0,0
02_categorical_heavy.csv,789,baseline,10,classification,4,4,0.0,classification_random_forest|classification_hist_gradient_boosting|classification_svc|classification_k_neighbors,53,147,200,0.735,classification_svc,1.0,f1,0.6667,5.64,classification_svc,True,0.0,0.0,0
02_categorical_heavy.csv,2024,baseline,10,classification,4,4,0.0,classification_random_forest|classification_hist_gradient_boosting|classification_svc|classification_k_neighbors,49,151,200,0.755,classification_k_neighbors,1.0,f1,0.6667,9.85,classification_k_neighbors,True,0.0,0.0,0
02_categorical_heavy.csv,42,genesis,2,classification,4,2,0.5,classification_random_forest|classification_hist_gradient_boosting,78,122,200,0.61,classification_random_forest,1.0,f1,0.4,16.55,classification_svc,False,-0.6,12.56,36
02_categorical_heavy.csv,123,genesis,2,classification,4,2,0.5,classification_random_forest|classification_hist_gradient_boosting,86,114,200,0.57,classification_random_forest,0.4,f1,0.25,20.34,classification_svc,False,-0.4167,13.84,40
02_categorical_heavy.csv,456,genesis,2,classification,4,2,0.5,classification_random_forest|classification_hist_gradient_boosting,92,108,200,0.54,classification_random_forest,0.6667,f1,0.25,16.76,classification_svc,False,-0.75,12.99,50
02_categorical_heavy.csv,789,genesis,2,classification,4,2,0.5,classification_random_forest|classification_hist_gradient_boosting,78,122,200,0.61,classification_random_forest,1.0,f1,0.25,17.65,classification_svc,False,-0.4167,12.01,25
02_categorical_heavy.csv,2024,genesis,2,classification,4,2,0.5,classification_random_forest|classification_hist_gradient_boosting,109,91,200,0.455,classification_random_forest,0.4,f1,0.0,33.92,classification_k_neighbors,False,-0.6667,24.07,60
02_categorical_heavy.csv,42,genesis,2,classification,4,3,0.25,classification_random_forest|classification_hist_gradient_boosting|classification_svc,53,147,200,0.735,classification_svc,1.0,f1,1.0,8.23,classification_svc,True,0.0,4.24,11
02_categorical_heavy.csv,123,genesis,2,classification,4,3,0.25,classification_random_forest|classification_hist_gradient_boosting|classification_svc,56,144,200,0.72,classification_svc,0.4,f1,0.25,12.53,classification_svc,True,-0.4167,6.03,10
02_categorical_heavy.csv,456,genesis,2,classification,4,3,0.25,classification_random_forest|classification_hist_gradient_boosting|classification_svc,43,157,200,0.785,classification_svc,1.0,f1,1.0,7.0,classification_svc,True,0.0,3.23,1
02_categorical_heavy.csv,789,genesis,2,classification,4,3,0.25,classification_random_forest|classification_hist_gradient_boosting|classification_svc,48,152,200,0.76,classification_svc,1.0,f1,0.6667,7.39,classification_svc,True,0.0,1.75,-5
02_categorical_heavy.csv,2024,genesis,2,classification,4,3,0.25,classification_random_forest|classification_hist_gradient_boosting|classification_svc,44,156,200,0.78,classification_svc,1.0,f1,0.6667,5.95,classification_k_neighbors,False,0.0,-3.9,-5
02_categorical_heavy.csv,42,genesis,2,classification,4,4,0.0,classification_random_forest|classification_hist_gradient_boosting|classification_svc|classification_k_neighbors,42,158,200,0.79,classification_svc,1.0,f1,1.0,4.13,classification_svc,True,0.0,0.14,0
02_categorical_heavy.csv,123,genesis,2,classification,4,4,0.0,classification_random_forest|classification_hist_gradient_boosting|classification_svc|classification_k_neighbors,46,154,200,0.77,classification_svc,0.4,f1,0.6667,6.42,classification_svc,True,0.0,-0.08,0
02_categorical_heavy.csv,456,genesis,2,classification,4,4,0.0,classification_random_forest|classification_hist_gradient_boosting|classification_svc|classification_k_neighbors,42,158,200,0.79,classification_svc,1.0,f1,1.0,4.4,classification_svc,True,0.0,0.63,0
02_categorical_heavy.csv,789,genesis,2,classification,4,4,0.0,classification_random_forest|classification_hist_gradient_boosting|classification_svc|classification_k_neighbors,53,147,200,0.735,classification_svc,1.0,f1,0.6667,10.59,classification_svc,True,0.0,4.95,0
02_categorical_heavy.csv,2024,genesis,2,classification,4,4,0.0,classification_random_forest|classification_hist_gradient_boosting|classification_svc|classification_k_neighbors,49,151,200,0.755,classification_k_neighbors,1.0,f1,0.6667,7.24,classification_k_neighbors,True,0.0,-2.61,0
03_missing_values.csv,42,baseline,10,classification,4,4,0.0,classification_random_forest|classification_hist_gradient_boosting|classification_svc|classification_k_neighbors,71,129,200,0.645,classification_svc,0.3333,f1,0.3333,10.21,classification_svc,True,0.0,0.0,0
03_missing_values.csv,123,baseline,10,classification,4,4,0.0,classification_random_forest|classification_hist_gradient_boosting|classification_svc|classification_k_neighbors,85,115,200,0.575,classification_svc,0.3333,f1,0.3333,15.38,classification_svc,True,0.0,0.0,0
03_missing_values.csv,456,baseline,10,classification,4,4,0.0,classification_random_forest|classification_hist_gradient_boosting|classification_svc|classification_k_neighbors,66,134,200,0.67,classification_random_forest,1.0,f1,0.3333,13.51,classification_random_forest,True,0.0,0.0,0
03_missing_values.csv,789,baseline,10,classification,4,4,0.0,classification_random_forest|classification_hist_gradient_boosting|classification_svc|classification_k_neighbors,48,152,200,0.76,classification_svc,1.0,f1,0.0,4.34,classification_svc,True,0.0,0.0,0
03_missing_values.csv,2024,baseline,10,classification,4,4,0.0,classification_random_forest|classification_hist_gradient_boosting|classification_svc|classification_k_neighbors,74,126,200,0.63,classification_random_forest,1.0,f1,0.0,18.17,classification_random_forest,True,0.0,0.0,0
03_missing_values.csv,42,genesis,2,classification,4,2,0.5,classification_hist_gradient_boosting|classification_svc,57,143,200,0.715,classification_svc,0.3333,f1,0.3333,3.67,classification_svc,True,0.0,-6.54,-14
03_missing_values.csv,123,genesis,2,classification,4,2,0.5,classification_hist_gradient_boosting|classification_svc,71,129,200,0.645,classification_svc,0.3333,f1,0.3333,4.53,classification_svc,True,0.0,-10.85,-14
03_missing_values.csv,456,genesis,2,classification,4,2,0.5,classification_hist_gradient_boosting|classification_svc,58,142,200,0.71,classification_svc,1.0,f1,0.3333,3.56,classification_random_forest,False,0.0,-9.95,-8
03_missing_values.csv,789,genesis,2,classification,4,2,0.5,classification_hist_gradient_boosting|classification_svc,44,156,200,0.78,classification_svc,1.0,f1,0.0,2.8,classification_svc,True,0.0,-1.54,-4
03_missing_values.csv,2024,genesis,2,classification,4,2,0.5,classification_hist_gradient_boosting|classification_svc,51,149,200,0.745,classification_hist_gradient_boosting,0.3333,f1,0.3333,4.03,classification_random_forest,False,0.3333,-14.14,-23
03_missing_values.csv,42,genesis,2,classification,4,3,0.25,classification_random_forest|classification_hist_gradient_boosting|classification_svc,71,129,200,0.645,classification_hist_gradient_boosting,0.3333,f1,0.3333,15.34,classification_svc,True,0.0,5.13,0
03_missing_values.csv,123,genesis,2,classification,4,3,0.25,classification_random_forest|classification_hist_gradient_boosting|classification_svc,73,127,200,0.635,classification_hist_gradient_boosting,0.3333,f1,0.3333,8.29,classification_svc,True,0.0,-7.09,-12
03_missing_values.csv,456,genesis,2,classification,4,3,0.25,classification_random_forest|classification_hist_gradient_boosting|classification_svc,56,144,200,0.72,classification_random_forest,1.0,f1,0.3333,12.11,classification_random_forest,True,0.0,-1.4,-10
03_missing_values.csv,789,genesis,2,classification,4,3,0.25,classification_random_forest|classification_hist_gradient_boosting|classification_svc,44,156,200,0.78,classification_svc,1.0,f1,0.0,4.61,classification_svc,True,0.0,0.27,-4
03_missing_values.csv,2024,genesis,2,classification,4,3,0.25,classification_random_forest|classification_hist_gradient_boosting|classification_svc,79,121,200,0.605,classification_random_forest,1.0,f1,0.0,18.96,classification_random_forest,True,0.0,0.79,5
03_missing_values.csv,42,genesis,2,classification,4,4,0.0,classification_random_forest|classification_hist_gradient_boosting|classification_svc|classification_k_neighbors,71,129,200,0.645,classification_svc,0.3333,f1,0.3333,9.33,classification_svc,True,0.0,-0.88,0
03_missing_values.csv,123,genesis,2,classification,4,4,0.0,classification_random_forest|classification_hist_gradient_boosting|classification_svc|classification_k_neighbors,85,115,200,0.575,classification_svc,0.3333,f1,0.3333,15.38,classification_svc,True,0.0,0.0,0
03_missing_values.csv,456,genesis,2,classification,4,4,0.0,classification_random_forest|classification_hist_gradient_boosting|classification_svc|classification_k_neighbors,66,134,200,0.67,classification_random_forest,1.0,f1,0.3333,13.86,classification_random_forest,True,0.0,0.35,0
03_missing_values.csv,789,genesis,2,classification,4,4,0.0,classification_random_forest|classification_hist_gradient_boosting|classification_svc|classification_k_neighbors,48,152,200,0.76,classification_svc,1.0,f1,0.0,4.4,classification_svc,True,0.0,0.06,0
03_missing_values.csv,2024,genesis,2,classification,4,4,0.0,classification_random_forest|classification_hist_gradient_boosting|classification_svc|classification_k_neighbors,74,126,200,0.63,classification_random_forest,1.0,f1,0.0,20.12,classification_random_forest,True,0.0,1.95,0
04_imbalanced_classification.csv,42,baseline,10,classification,5,5,0.0,classification_logistic_regression|classification_random_forest|classification_hist_gradient_boosting|classification_svc|classification_k_neighbors,69,131,200,0.655,classification_svc,1.0,f1,1.0,5.36,classification_svc,True,0.0,0.0,0
04_imbalanced_classification.csv,123,baseline,10,classification,5,5,0.0,classification_logistic_regression|classification_random_forest|classification_hist_gradient_boosting|classification_svc|classification_k_neighbors,49,151,200,0.755,classification_svc,1.0,f1,1.0,5.54,classification_svc,True,0.0,0.0,0
04_imbalanced_classification.csv,456,baseline,10,classification,5,5,0.0,classification_logistic_regression|classification_random_forest|classification_hist_gradient_boosting|classification_svc|classification_k_neighbors,55,145,200,0.725,classification_random_forest,1.0,f1,1.0,8.74,classification_random_forest,True,0.0,0.0,0
04_imbalanced_classification.csv,789,baseline,10,classification,5,5,0.0,classification_logistic_regression|classification_random_forest|classification_hist_gradient_boosting|classification_svc|classification_k_neighbors,50,150,200,0.75,classification_svc,1.0,f1,1.0,4.26,classification_svc,True,0.0,0.0,0
04_imbalanced_classification.csv,2024,baseline,10,classification,5,5,0.0,classification_logistic_regression|classification_random_forest|classification_hist_gradient_boosting|classification_svc|classification_k_neighbors,71,129,200,0.645,classification_logistic_regression,1.0,f1,1.0,9.88,classification_logistic_regression,True,0.0,0.0,0
04_imbalanced_classification.csv,42,genesis,2,classification,5,2,0.6,classification_logistic_regression|classification_svc,28,172,200,0.86,classification_svc,1.0,f1,1.0,0.34,classification_svc,True,0.0,-5.02,-41
04_imbalanced_classification.csv,123,genesis,2,classification,5,2,0.6,classification_logistic_regression|classification_svc,27,173,200,0.865,classification_svc,1.0,f1,1.0,0.63,classification_svc,True,0.0,-4.91,-22
04_imbalanced_classification.csv,456,genesis,2,classification,5,2,0.6,classification_logistic_regression|classification_svc,29,171,200,0.855,classification_logistic_regression,1.0,f1,1.0,0.33,classification_random_forest,False,0.0,-8.41,-26
04_imbalanced_classification.csv,789,genesis,2,classification,5,2,0.6,classification_logistic_regression|classification_svc,28,172,200,0.86,classification_svc,1.0,f1,1.0,0.4,classification_svc,True,0.0,-3.86,-22
04_imbalanced_classification.csv,2024,genesis,2,classification,5,2,0.6,classification_logistic_regression|classification_svc,28,172,200,0.86,classification_logistic_regression,1.0,f1,1.0,0.35,classification_logistic_regression,True,0.0,-9.53,-43
04_imbalanced_classification.csv,42,genesis,2,classification,5,3,0.4,classification_logistic_regression|classification_hist_gradient_boosting|classification_svc,67,133,200,0.665,classification_hist_gradient_boosting,1.0,f1,1.0,3.78,classification_svc,True,0.0,-1.58,-2
04_imbalanced_classification.csv,123,genesis,2,classification,5,3,0.4,classification_logistic_regression|classification_hist_gradient_boosting|classification_svc,55,145,200,0.725,classification_svc,1.0,f1,1.0,3.91,classification_svc,True,0.0,-1.63,6
04_imbalanced_classification.csv,456,genesis,2,classification,5,3,0.4,classification_logistic_regression|classification_hist_gradient_boosting|classification_svc,36,164,200,0.82,classification_logistic_regression,1.0,f1,1.0,1.25,classification_random_forest,False,0.0,-7.49,-19
04_imbalanced_classification.csv,789,genesis,2,classification,5,3,0.4,classification_logistic_regression|classification_hist_gradient_boosting|classification_svc,44,156,200,0.78,classification_svc,1.0,f1,1.0,1.69,classification_svc,True,0.0,-2.57,-6
04_imbalanced_classification.csv,2024,genesis,2,classification,5,3,0.4,classification_logistic_regression|classification_hist_gradient_boosting|classification_svc,47,153,200,0.765,classification_svc,1.0,f1,1.0,1.97,classification_logistic_regression,True,0.0,-7.91,-24
04_imbalanced_classification.csv,42,genesis,2,classification,5,4,0.2,classification_logistic_regression|classification_random_forest|classification_hist_gradient_boosting|classification_svc,59,141,200,0.705,classification_hist_gradient_boosting,1.0,f1,1.0,6.28,classification_svc,True,0.0,0.92,-10
04_imbalanced_classification.csv,123,genesis,2,classification,5,4,0.2,classification_logistic_regression|classification_random_forest|classification_hist_gradient_boosting|classification_svc,46,154,200,0.77,classification_hist_gradient_boosting,1.0,f1,1.0,6.19,classification_svc,True,0.0,0.65,-3
04_imbalanced_classification.csv,456,genesis,2,classification,5,4,0.2,classification_logistic_regression|classification_random_forest|classification_hist_gradient_boosting|classification_svc,54,146,200,0.73,classification_logistic_regression,1.0,f1,1.0,10.67,classification_random_forest,True,0.0,1.93,-1
04_imbalanced_classification.csv,789,genesis,2,classification,5,4,0.2,classification_logistic_regression|classification_random_forest|classification_hist_gradient_boosting|classification_svc,51,149,200,0.745,classification_logistic_regression,1.0,f1,1.0,5.89,classification_svc,True,0.0,1.63,1
04_imbalanced_classification.csv,2024,genesis,2,classification,5,4,0.2,classification_logistic_regression|classification_random_forest|classification_hist_gradient_boosting|classification_svc,70,130,200,0.65,classification_hist_gradient_boosting,1.0,f1,1.0,11.41,classification_logistic_regression,True,0.0,1.53,-1
04_imbalanced_classification.csv,42,genesis,2,classification,5,5,0.0,classification_logistic_regression|classification_random_forest|classification_hist_gradient_boosting|classification_svc|classification_k_neighbors,69,131,200,0.655,classification_svc,1.0,f1,1.0,5.87,classification_svc,True,0.0,0.51,0
04_imbalanced_classification.csv,123,genesis,2,classification,5,5,0.0,classification_logistic_regression|classification_random_forest|classification_hist_gradient_boosting|classification_svc|classification_k_neighbors,49,151,200,0.755,classification_svc,1.0,f1,1.0,4.36,classification_svc,True,0.0,-1.18,0
04_imbalanced_classification.csv,456,genesis,2,classification,5,5,0.0,classification_logistic_regression|classification_random_forest|classification_hist_gradient_boosting|classification_svc|classification_k_neighbors,55,145,200,0.725,classification_random_forest,1.0,f1,1.0,9.18,classification_random_forest,True,0.0,0.44,0
04_imbalanced_classification.csv,789,genesis,2,classification,5,5,0.0,classification_logistic_regression|classification_random_forest|classification_hist_gradient_boosting|classification_svc|classification_k_neighbors,50,150,200,0.75,classification_svc,1.0,f1,1.0,4.46,classification_svc,True,0.0,0.2,0
04_imbalanced_classification.csv,2024,genesis,2,classification,5,5,0.0,classification_logistic_regression|classification_random_forest|classification_hist_gradient_boosting|classification_svc|classification_k_neighbors,71,129,200,0.645,classification_logistic_regression,1.0,f1,1.0,9.09,classification_logistic_regression,True,0.0,-0.79,0
05_regression.csv,42,baseline,10,regression,5,5,0.0,regression_linear_regression|regression_random_forest|regression_hist_gradient_boosting|regression_svr|regression_k_neighbors,40,160,200,0.8,regression_linear_regression,-8302.4758,rmse,10131.5098,3.77,regression_linear_regression,True,0.0,0.0,0
05_regression.csv,123,baseline,10,regression,5,5,0.0,regression_linear_regression|regression_random_forest|regression_hist_gradient_boosting|regression_svr|regression_k_neighbors,39,161,200,0.805,regression_linear_regression,-3411.6123,rmse,7799.0503,3.76,regression_linear_regression,True,0.0,0.0,0
05_regression.csv,456,baseline,10,regression,5,5,0.0,regression_linear_regression|regression_random_forest|regression_hist_gradient_boosting|regression_svr|regression_k_neighbors,31,169,200,0.845,regression_linear_regression,-4736.7051,rmse,7356.685,3.56,regression_linear_regression,True,0.0,0.0,0
05_regression.csv,789,baseline,10,regression,5,5,0.0,regression_linear_regression|regression_random_forest|regression_hist_gradient_boosting|regression_svr|regression_k_neighbors,37,163,200,0.815,regression_linear_regression,-7400.5387,rmse,7886.09,2.73,regression_linear_regression,True,0.0,0.0,0
05_regression.csv,2024,baseline,10,regression,5,5,0.0,regression_linear_regression|regression_random_forest|regression_hist_gradient_boosting|regression_svr|regression_k_neighbors,39,161,200,0.805,regression_linear_regression,-9470.7955,rmse,8063.3432,3.32,regression_linear_regression,True,0.0,0.0,0
05_regression.csv,42,genesis,2,regression,5,2,0.6,regression_linear_regression|regression_svr,26,174,200,0.87,regression_linear_regression,-8302.4758,rmse,10131.5098,0.22,regression_linear_regression,True,0.0,-3.55,-14
05_regression.csv,123,genesis,2,regression,5,2,0.6,regression_linear_regression|regression_svr,28,172,200,0.86,regression_linear_regression,-3411.6123,rmse,7799.0503,0.28,regression_linear_regression,True,0.0,-3.48,-11
05_regression.csv,456,genesis,2,regression,5,2,0.6,regression_linear_regression|regression_svr,23,177,200,0.885,regression_linear_regression,-4736.7051,rmse,7356.685,0.22,regression_linear_regression,True,0.0,-3.34,-8
05_regression.csv,789,genesis,2,regression,5,2,0.6,regression_linear_regression|regression_svr,26,174,200,0.87,regression_linear_regression,-7400.5387,rmse,7886.09,0.22,regression_linear_regression,True,0.0,-2.51,-11
05_regression.csv,2024,genesis,2,regression,5,2,0.6,regression_linear_regression|regression_svr,24,176,200,0.88,regression_linear_regression,-9470.7955,rmse,8063.3432,0.25,regression_linear_regression,True,0.0,-3.07,-15
05_regression.csv,42,genesis,2,regression,5,3,0.4,regression_linear_regression|regression_hist_gradient_boosting|regression_svr,41,159,200,0.795,regression_linear_regression,-8302.4758,rmse,10131.5098,2.0,regression_linear_regression,True,0.0,-1.77,1
05_regression.csv,123,genesis,2,regression,5,3,0.4,regression_linear_regression|regression_hist_gradient_boosting|regression_svr,40,160,200,0.8,regression_linear_regression,-3411.6123,rmse,7799.0503,1.72,regression_linear_regression,True,0.0,-2.04,1
05_regression.csv,456,genesis,2,regression,5,3,0.4,regression_linear_regression|regression_hist_gradient_boosting|regression_svr,42,158,200,0.79,regression_linear_regression,-4736.7051,rmse,7356.685,1.61,regression_linear_regression,True,0.0,-1.95,11
05_regression.csv,789,genesis,2,regression,5,3,0.4,regression_linear_regression|regression_hist_gradient_boosting|regression_svr,32,168,200,0.84,regression_linear_regression,-7400.5387,rmse,7886.09,1.23,regression_linear_regression,True,0.0,-1.5,-5
05_regression.csv,2024,genesis,2,regression,5,3,0.4,regression_linear_regression|regression_hist_gradient_boosting|regression_svr,30,170,200,0.85,regression_linear_regression,-9470.7955,rmse,8063.3432,1.39,regression_linear_regression,True,0.0,-1.93,-9
05_regression.csv,42,genesis,2,regression,5,4,0.2,regression_linear_regression|regression_random_forest|regression_hist_gradient_boosting|regression_svr,41,159,200,0.795,regression_linear_regression,-8302.4758,rmse,10131.5098,6.45,regression_linear_regression,True,0.0,2.68,1
05_regression.csv,123,genesis,2,regression,5,4,0.2,regression_linear_regression|regression_random_forest|regression_hist_gradient_boosting|regression_svr,36,164,200,0.82,regression_linear_regression,-3411.6123,rmse,7799.0503,4.79,regression_linear_regression,True,0.0,1.03,-3
05_regression.csv,456,genesis,2,regression,5,4,0.2,regression_linear_regression|regression_random_forest|regression_hist_gradient_boosting|regression_svr,38,162,200,0.81,regression_linear_regression,-4736.7051,rmse,7356.685,5.74,regression_linear_regression,True,0.0,2.18,7
05_regression.csv,789,genesis,2,regression,5,4,0.2,regression_linear_regression|regression_random_forest|regression_hist_gradient_boosting|regression_svr,38,162,200,0.81,regression_linear_regression,-7400.5387,rmse,7886.09,5.31,regression_linear_regression,True,0.0,2.58,1
05_regression.csv,2024,genesis,2,regression,5,4,0.2,regression_linear_regression|regression_random_forest|regression_hist_gradient_boosting|regression_svr,42,158,200,0.79,regression_linear_regression,-9470.7955,rmse,8063.3432,6.01,regression_linear_regression,True,0.0,2.69,3
05_regression.csv,42,genesis,2,regression,5,5,0.0,regression_linear_regression|regression_random_forest|regression_hist_gradient_boosting|regression_svr|regression_k_neighbors,40,160,200,0.8,regression_linear_regression,-8302.4758,rmse,10131.5098,4.44,regression_linear_regression,True,0.0,0.67,0
05_regression.csv,123,genesis,2,regression,5,5,0.0,regression_linear_regression|regression_random_forest|regression_hist_gradient_boosting|regression_svr|regression_k_neighbors,39,161,200,0.805,regression_linear_regression,-3411.6123,rmse,7799.0503,3.67,regression_linear_regression,True,0.0,-0.09,0
05_regression.csv,456,genesis,2,regression,5,5,0.0,regression_linear_regression|regression_random_forest|regression_hist_gradient_boosting|regression_svr|regression_k_neighbors,31,169,200,0.845,regression_linear_regression,-4736.7051,rmse,7356.685,3.75,regression_linear_regression,True,0.0,0.19,0
05_regression.csv,789,genesis,2,regression,5,5,0.0,regression_linear_regression|regression_random_forest|regression_hist_gradient_boosting|regression_svr|regression_k_neighbors,37,163,200,0.815,regression_linear_regression,-7400.5387,rmse,7886.09,3.21,regression_linear_regression,True,0.0,0.48,0
05_regression.csv,2024,genesis,2,regression,5,5,0.0,regression_linear_regression|regression_random_forest|regression_hist_gradient_boosting|regression_svr|regression_k_neighbors,39,161,200,0.805,regression_linear_regression,-9470.7955,rmse,8063.3432,3.1,regression_linear_regression,True,0.0,-0.22,0
